s3,s5,s7,s9,s11,s13,s15,s17,s19,s21,s23,s25,s27,s29,s31,s33,s35,s37,s39,s41,s43,s45,s47,s49,s51
496,559,535,592,513,648,575,615,647,599,575,596,723,659,619,675,706,644,656,714,681,739,752,709,715
609,550,611,565,558,685,548,549,601,586,576,621,612,609,620,676,642,697,664,667,675,691,750,754,713
733,497,531,573,547,522,597,697,606,563,641,649,637,635,663,628,683,647,725,771,702,718,744,760,718
660,623,608,574,576,591,553,576,564,571,590,583,620,668,674,628,703,727,653,669,676,682,753,754,714
546,579,524,526,516,521,534,596,649,565,665,600,608,657,677,709,684,643,657,690,674,708,755,730,722
817,496,771,581,511,593,617,602,633,584,598,582,646,617,617,652,726,679,657,665,723,691,706,758,785
728,485,556,559,568,529,597,565,606,583,639,583,597,606,663,679,654,708,752,718,723,689,758,719,766
662,561,509,663,532,543,635,645,646,617,622,630,593,611,668,629,684,704,708,662,689,718,750,704,777
486,639,518,654,534,651,547,548,554,644,614,596,593,608,668,622,668,649,658,670,765,740,707,728,731
572,621,497,597,548,529,550,633,555,576,625,582,620,653,614,707,634,644,706,663,741,688,758,779,735
566,718,556,609,511,642,565,558,629,651,614,619,592,630,632,625,650,694,663,702,725,692,705,716,762
710,532,577,629,512,554,531,546,623,612,597,585,710,691,669,649,681,697,677,674,689,733,724,723,717
588,523,529,604,566,578,542,570,603,565,621,606,644,620,619,649,632,644,709,679,737,695,704,717,769
546,671,541,528,560,535,557,566,622,616,618,652,597,679,637,673,632,652,703,714,678,754,742,737,771
582,535,615,627,582,594,592,669,636,588,693,594,617,602,660,671,698,656,703,720,690,739,698,704,714
686,501,603,559,594,534,534,614,574,612,640,582,592,622,617,637,634,646,722,692,693,688,694,757,722
606,488,496,533,558,583,544,551,638,633,602,643,612,675,674,628,632,696,661,662,675,766,694,707,716
501,519,502,580,587,553,545,574,615,674,602,691,663,603,667,644,657,691,709,668,737,685,693,708,719
790,600,511,671,572,662,617,543,552,581,589,649,698,652,646,648,661,693,652,664,731,738,697,785,762
613,560,575,525,571,524,601,543,602,561,592,590,672,625,678,634,656,693,662,664,730,683,766,741,726
799,596,498,610,615,584,618,611,552,578,573,638,618,666,688,625,685,650,727,733,725,756,697,799,720
491,695,637,533,596,526,565,681,555,564,639,583,610,607,668,680,636,695,701,674,762,686,692,712,764
471,553,496,574,580,572,629,639,559,616,574,597,599,606,623,674,636,709,653,685,675,734,745,766,729
553,600,657,594,606,532,610,567,621,597,571,588,603,612,622,623,686,654,654,738,675,686,718,754,715
848,496,614,512,688,543,552,547,561,593,597,667,631,601,612,629,692,645,657,681,693,698,743,703,765
506,564,561,540,517,563,561,554,553,590,621,596,610,663,672,625,683,698,709,714,685,740,720,766,718
478,627,632,535,557,550,549,603,636,657,588,689,652,619,674,621,635,646,661,712,672,747,702,703,719
642,540,529,646,568,599,534,629,591,566,645,610,591,668,671,628,703,645,663,711,727,737,763,803,729
619,551,608,528,570,639,599,562,617,615,584,587,610,606,618,675,682,702,707,668,733,691,696,710,763
623,549,661,639,579,552,535,578,617,565,599,645,591,613,628,697,634,650,691,679,724,742,744,752,726
533,660,593,628,614,590,542,609,607,563,580,634,611,618,634,622,640,693,748,712,694,687,693,707,726
653,615,623,582,571,588,610,558,565,566,690,584,613,608,622,678,643,642,710,724,675,688,742,722,775
873,567,602,564,562,575,538,626,585,568,573,587,651,623,639,675,642,643,702,666,675,740,762,710,719
676,614,616,621,533,547,532,567,611,587,632,590,650,614,613,628,692,700,678,712,738,714,696,753,718
639,645,505,560,545,563,579,585,604,566,632,581,610,605,679,677,652,700,668,677,678,691,708,791,733
477,567,599,515,511,575,613,613,561,578,627,608,593,604,643,679,655,693,653,715,742,710,698,713,777
747,545,540,543,588,535,531,565,557,656,573,585,601,659,667,706,687,647,707,662,674,741,732,705,717
550,536,532,516,592,597,549,594,551,586,572,586,658,688,615,690,685,650,656,701,680,707,745,706,766
964,534,527,543,523,529,628,607,564,609,595,654,646,684,637,674,636,724,652,682,683,733,699,704,713
625,744,519,550,545,595,530,577,552,570,574,624,599,636,623,674,639,647,668,682,686,749,753,758,774
600,510,521,517,625,523,646,591,618,617,621,633,611,621,689,675,633,699,703,717,719,691,762,702,712
802,594,671,522,620,549,593,541,600,592,572,602,679,675,620,687,685,706,720,716,725,689,766,756,762
686,492,584,564,605,523,541,591,587,586,625,681,609,602,703,629,677,700,657,687,728,710,771,705,772
603,585,532,620,558,562,552,568,580,563,581,681,666,685,634,624,635,650,652,691,693,738,756,706,714
695,532,491,501,574,571,683,558,660,605,642,590,603,662,643,676,635,658,670,742,736,696,710,764,713
477,579,492,556,551,541,531,551,702,581,586,607,594,608,662,658,656,646,706,714,675,737,742,708,766
565,642,526,503,515,578,608,541,601,574,581,631,599,675,663,639,657,696,666,719,684,751,754,798,763
869,490,581,666,643,546,549,618,672,641,594,655,641,608,613,628,655,678,704,674,737,695,698,712,722
704,548,545,536,534,521,627,609,676,580,640,582,604,618,619,680,639,665,675,670,679,736,743,754,788
733,542,780,643,535,599,643,604,575,564,670,651,604,607,695,651,698,650,656,663,747,742,719,708,718
501,543,612,664,585,596,577,604,605,612,605,587,650,702,623,636,708,702,706,690,730,737,745,754,717
898,730,530,500,600,524,590,620,552,567,626,636,639,605,691,655,689,652,652,731,678,688,747,704,724
555,585,531,640,578,659,633,586,594,676,572,599,607,617,716,652,694,669,661,668,693,685,703,705,714
489,566,670,646,580,621,614,567,581,570,584,639,603,698,649,700,632,643,676,663,672,742,693,771,713
941,495,616,522,737,584,572,647,574,579,603,588,650,636,670,678,756,653,680,681,687,695,701,756,725
622,648,687,571,589,524,545,621,567,563,593,603,642,663,619,624,732,653,664,725,730,684,704,702,716
524,487,547,533,511,610,591,585,560,616,578,584,604,656,635,658,683,656,693,669,710,687,754,702,712
497,628,504,512,607,521,585,617,567,564,574,600,598,666,668,687,677,699,668,713,682,682,694,712,716
903,653,562,531,645,555,545,552,558,589,632,614,596,607,696,626,642,685,713,701,672,711,766,703,713
682,482,581,537,574,580,577,559,552,575,587,631,599,659,636,674,641,656,655,673,700,733,744,760,722
612,740,493,560,533,538,655,543,551,614,642,651,643,627,678,640,644,703,662,664,733,733,705,759,717
659,675,622,520,617,595,580,551,561,630,595,582,607,651,669,633,681,647,708,716,677,742,693,763,764
741,561,521,529,602,568,597,608,582,562,641,648,618,611,630,642,636,671,671,670,727,733,751,798,784
788,693,515,529,521,571,551,556,595,606,582,617,645,605,670,629,694,695,693,714,682,694,695,825,718
867,589,673,562,589,587,615,546,565,604,581,633,596,640,661,622,704,655,754,716,696,732,695,702,764
623,768,491,513,537,581,554,548,646,563,613,621,598,606,698,622,687,694,656,714,679,687,723,716,715
663,482,540,583,558,586,585,595,648,616,624,646,593,614,616,633,648,703,660,733,685,748,699,704,762
484,635,606,533,550,559,547,599,551,616,624,589,608,706,617,634,690,694,666,663,685,750,762,706,733
632,609,502,572,585,613,625,549,569,644,594,582,650,602,688,673,635,699,652,726,734,765,701,753,715
531,635,547,507,594,626,606,543,566,585,627,602,645,614,684,771,702,648,678,675,737,686,714,707,714
517,502,592,643,512,524,535,608,574,623,597,631,593,655,615,643,646,680,714,688,737,751,696,712,761
694,530,635,518,581,596,534,661,629,579,582,605,610,611,630,631,722,647,744,695,721,736,769,777,770
863,540,528,501,593,578,571,590,569,588,640,655,634,607,631,649,704,682,720,666,685,738,750,755,716
601,487,625,569,541,525,609,638,603,665,579,632,615,666,615,633,644,702,702,724,726,735,708,732,773
788,555,607,555,516,539,546,568,594,575,625,605,603,604,627,621,632,697,662,679,685,700,708,753,770
675,606,516,601,585,610,534,613,612,587,592,609,597,608,662,645,632,642,712,752,674,685,742,722,717
513,626,578,604,543,541,583,646,595,660,578,598,614,601,621,684,634,692,740,681,679,685,744,711,714
675,755,503,552,528,550,546,545,570,650,621,667,596,631,683,622,659,654,706,674,700,684,768,776,767
652,531,683,551,610,538,610,545,609,590,575,609,630,611,673,633,689,701,659,717,674,683,750,769,797
641,562,608,692,544,588,600,553,672,615,591,599,612,611,630,695,676,695,673,662,692,684,742,708,770
822,765,513,619,513,578,559,571,563,566,573,647,654,603,617,639,635,648,711,729,723,685,704,708,768
900,520,714,579,543,623,563,555,571,624,587,630,615,661,620,647,684,720,704,712,724,739,757,760,770
894,588,514,591,618,535,681,555,603,643,577,593,591,680,641,686,692,641,730,670,737,700,698,703,713
650,602,685,587,517,596,531,588,617,582,573,613,661,619,625,679,704,648,683,671,677,685,694,712,762
774,674,534,620,578,523,558,551,574,687,576,612,606,637,617,693,633,652,720,679,745,737,707,712,772
691,501,509,544,596,587,659,564,654,570,622,678,617,667,624,641,652,675,661,712,672,765,697,714,713
595,487,511,643,566,531,536,548,557,575,655,605,591,696,611,634,688,704,704,690,730,692,708,702,714
592,485,575,599,519,588,595,663,568,604,635,661,620,669,677,630,661,692,680,696,733,699,707,709,730
610,508,647,580,558,612,593,540,585,617,622,583,593,658,664,684,639,701,701,698,681,699,778,706,736
709,528,551,506,536,530,597,592,561,578,572,600,638,610,666,685,640,701,661,670,674,686,722,756,771
641,534,608,626,518,554,580,725,570,577,596,638,593,675,612,626,639,665,686,686,683,687,753,754,719
507,623,554,556,523,523,549,550,677,649,592,591,616,617,620,628,699,673,666,674,744,735,748,714,763
554,584,535,526,516,562,534,551,556,664,585,647,592,675,648,636,632,646,707,664,705,704,694,772,809
753,559,516,626,519,574,550,578,566,615,581,642,596,608,612,649,686,709,663,678,674,689,742,755,765
479,501,500,608,533,676,552,576,562,622,574,597,595,602,658,675,637,651,708,662,674,694,760,753,713
526,562,636,545,514,565,591,599,599,564,653,693,661,655,666,629,690,667,725,716,740,753,743,710,714
557,550,512,613,614,596,608,602,556,572,594,605,680,667,653,750,646,716,666,688,674,693,746,714,776
690,507,498,695,563,676,580,593,616,572,573,636,596,683,703,676,634,642,670,682,691,766,726,757,738
618,634,563,605,583,590,554,583,603,691,579,596,640,674,614,622,643,692,652,671,687,701,700,703,717
776,613,546,642,539,600,551,730,619,639,575,643,642,699,624,642,694,710,654,662,673,734,744,714,713
601,639,582,503,626,773,549,556,590,597,571,622,641,611,670,643,647,706,671,723,680,684,753,759,729
576,507,535,791,621,578,671,546,554,563,641,638,620,673,667,630,633,650,661,667,699,747,773,720,779
787,648,544,504,562,588,532,548,662,615,629,584,626,609,663,628,641,657,727,750,739,682,696,704,713
737,715,782,601,604,574,542,666,565,649,660,652,671,614,624,695,705,703,717,712,689,684,693,776,775
586,592,594,625,590,526,535,580,688,567,572,648,663,650,612,631,682,699,701,662,727,745,750,708,716
559,551,575,503,579,534,655,595,579,571,645,634,593,611,633,632,654,695,659,766,724,686,768,724,764
785,703,565,594,636,629,586,608,570,575,627,617,596,653,612,707,717,693,655,761,729,701,715,753,767
549,796,579,616,548,548,552,638,555,581,579,637,611,671,640,625,686,694,734,665,752,683,752,724,777
843,637,497,594,546,539,537,591,615,594,572,634,631,700,629,699,638,693,705,713,673,682,751,708,747
545,512,494,556,579,595,549,581,575,621,626,585,610,607,638,658,656,654,661,724,687,734,749,766,717
956,514,631,543,549,563,541,622,630,639,588,598,657,662,677,684,633,691,704,664,691,692,695,763,766
524,537,641,513,646,544,557,603,630,614,635,600,632,614,616,628,648,704,671,696,755,683,694,760,715
700,591,514,565,554,593,594,556,562,629,589,690,662,663,689,637,652,663,706,673,726,689,705,753,718
495,546,524,596,646,533,635,555,613,562,584,581,619,689,629,694,633,696,652,663,677,687,701,753,769
640,601,647,541,516,543,582,566,571,574,663,582,650,688,641,630,644,703,665,695,683,734,749,714,726
485,547,509,639,526,532,592,589,616,590,607,649,671,611,636,640,638,651,654,665,679,683,692,735,768
930,559,495,516,550,594,576,546,568,615,579,646,603,653,679,622,651,647,714,677,732,735,692,768,788
539,646,577,516,661,554,567,555,623,586,581,591,592,662,637,679,695,696,673,662,674,689,704,755,713
683,510,533,618,565,593,617,543,605,596,573,605,647,652,614,677,694,654,669,714,684,735,703,705,770
549,541,607,571,576,521,566,611,551,570,586,592,593,604,696,622,696,641,707,730,681,684,752,761,725
820,502,525,527,522,611,596,684,568,564,586,601,699,607,635,623,674,649,662,665,673,688,699,756,713
628,768,491,738,536,535,540,600,553,563,628,638,662,693,642,681,641,696,655,662,766,735,701,753,762
564,673,605,550,537,555,543,542,581,580,583,590,612,677,615,701,704,642,663,714,674,684,715,781,713
653,528,529,525,534,542,661,545,657,627,636,661,656,667,613,644,691,642,669,664,731,705,697,711,765
895,522,532,599,563,566,548,599,601,619,639,582,671,644,634,623,687,650,654,719,747,693,694,704,735
586,489,674,531,594,685,568,678,585,576,576,637,591,651,641,629,697,701,711,715,680,742,749,737,712
654,570,614,630,522,527,608,543,574,650,597,584,653,687,634,624,681,654,715,721,722,744,708,764,719
505,611,602,699,544,550,580,598,558,672,588,681,593,618,689,672,636,656,662,711,712,692,696,733,717
608,522,530,572,512,525,645,640,632,563,632,613,688,695,673,680,654,654,705,676,674,688,704,706,763
596,514,611,518,554,581,563,548,603,664,593,636,640,656,613,673,640,650,707,675,722,697,699,704,840
609,615,505,590,560,525,591,677,603,570,589,597,650,604,619,696,642,650,668,669,707,682,749,729,732
845,520,563,538,568,522,546,643,553,605,629,590,666,654,663,625,684,761,712,712,746,739,707,753,713
514,557,650,582,590,585,550,592,574,568,597,639,593,617,667,654,691,708,663,664,725,699,698,710,731
636,536,652,552,556,588,552,545,562,577,632,660,605,616,671,672,649,711,662,674,673,746,698,776,769
998,572,606,589,529,584,626,610,559,625,608,587,617,609,614,667,722,647,665,739,683,774,760,758,728
774,621,525,557,609,540,671,550,575,598,610,601,617,686,643,699,681,657,721,719,727,682,747,717,766
596,507,619,534,548,522,553,581,556,580,580,613,593,602,664,632,632,733,663,666,673,687,704,761,717
786,499,621,583,572,612,547,579,629,562,610,661,606,601,653,631,750,646,680,667,723,689,698,779,728
822,630,580,565,520,615,548,595,553,620,609,629,670,656,682,627,672,665,657,668,685,770,694,702,718
728,709,496,515,714,529,623,606,561,590,576,663,682,609,679,692,641,700,681,665,674,685,696,798,722
738,573,572,591,580,642,553,544,561,574,672,632,646,677,616,633,684,667,659,683,733,686,745,711,725
841,640,521,508,579,554,604,573,623,573,594,682,607,687,618,626,640,648,661,685,681,689,743,706,724
774,717,516,590,559,542,540,554,636,584,583,608,591,606,662,634,760,675,703,667,759,740,699,777,732
479,597,634,515,638,562,558,568,653,566,583,593,608,658,617,685,710,655,703,720,682,697,707,761,767
493,690,526,518,525,548,549,558,588,605,576,622,592,623,623,650,643,645,663,679,675,699,699,761,716
649,480,543,662,575,577,655,631,553,596,576,597,641,613,641,685,642,666,719,676,735,736,757,708,719
673,520,584,655,525,523,584,600,636,578,616,595,613,654,670,647,683,704,674,666,673,684,718,755,788
568,528,626,512,515,530,709,599,579,646,633,641,658,620,667,696,646,697,663,671,686,739,702,720,715
740,596,662,517,634,522,614,623,553,590,581,602,612,683,686,682,644,694,710,665,727,689,746,721,769
759,607,596,522,675,575,552,552,566,619,635,599,599,656,615,624,640,662,652,670,682,768,723,704,770
500,562,679,671,513,523,590,556,583,568,600,585,591,658,652,719,641,693,703,729,672,702,748,753,747
762,651,576,611,716,571,543,624,602,585,601,642,609,632,614,651,639,701,661,712,694,738,709,758,766
546,705,755,560,531,570,534,640,559,669,628,582,613,651,611,636,692,646,655,679,685,683,697,754,726
681,700,610,628,643,545,552,541,645,639,573,586,591,656,615,673,652,721,680,700,763,694,694,706,717
613,500,503,500,657,526,595,618,564,634,632,633,610,663,615,702,634,676,655,662,725,687,706,709,771
645,536,512,546,548,583,531,544,606,624,663,582,612,643,666,681,707,667,711,667,724,707,701,708,715
612,659,516,570,658,546,563,614,678,631,641,592,605,606,669,635,641,692,652,735,673,682,753,708,770
617,557,553,554,570,531,554,565,620,596,583,594,608,681,669,627,694,735,658,663,680,755,760,706,789
500,489,596,519,517,639,540,548,614,566,595,638,595,674,662,653,634,697,663,664,693,743,715,758,776
500,615,553,515,542,537,542,601,553,562,589,634,603,674,719,622,634,651,714,734,688,745,693,714,737
750,531,665,527,614,580,673,553,553,652,634,587,644,691,611,717,663,652,722,726,737,693,756,767,778
909,530,558,655,530,521,606,609,585,580,572,586,654,618,669,690,639,721,654,731,749,693,708,754,768
516,712,505,552,550,626,535,642,567,648,602,638,642,630,612,628,685,653,664,723,687,695,752,757,769
579,531,546,501,523,532,541,599,605,567,601,632,598,625,641,684,639,658,657,737,748,732,756,703,717
565,487,583,615,513,597,539,620,568,714,600,639,641,601,616,677,650,643,708,667,692,688,699,713,724
658,527,601,507,604,529,583,593,578,600,688,604,594,653,632,632,695,658,658,678,734,752,697,726,716
529,616,599,673,571,601,579,548,557,569,578,646,593,613,612,630,632,655,705,662,678,725,706,710,714
575,840,581,634,536,551,593,599,632,593,641,584,591,603,618,646,648,644,723,713,723,732,746,703,726
692,549,502,564,566,549,559,565,551,586,598,631,595,653,615,695,668,650,709,721,683,688,713,756,777
669,491,493,612,617,652,531,549,607,604,610,628,600,604,639,627,701,698,657,663,723,682,709,715,737
594,521,500,578,586,522,589,558,562,646,618,583,597,662,619,641,684,682,663,718,681,688,759,754,718
639,501,588,513,589,559,662,555,661,586,648,585,600,662,648,637,698,649,709,722,741,683,700,720,729
550,690,553,572,587,590,540,585,621,623,593,647,651,608,688,624,640,703,661,716,724,748,741,752,783
581,543,562,555,610,531,535,622,592,653,579,637,676,604,679,623,687,650,715,675,677,734,765,724,714
829,492,653,523,591,612,548,612,644,655,595,603,602,615,613,656,715,658,701,763,683,686,748,704,712
714,611,554,645,532,548,550,642,608,564,640,584,633,603,689,621,708,653,675,719,724,685,714,755,717
551,549,522,505,561,606,696,646,557,615,575,586,652,617,681,644,665,699,657,713,682,684,752,757,774
652,576,510,653,619,524,583,561,593,703,643,648,597,605,680,636,692,721,705,723,674,688,763,723,726
606,580,539,525,556,688,541,651,555,592,590,595,600,628,626,638,714,701,659,667,677,692,704,722,783
624,520,557,685,538,552,537,591,571,617,610,668,641,634,666,627,708,642,654,667,729,687,744,709,718
633,574,542,598,629,627,537,542,571,568,616,593,641,613,670,625,683,692,702,663,676,742,694,754,719
495,530,615,523,510,582,629,542,611,690,572,663,683,619,664,695,638,644,653,724,726,739,743,734,764
775,537,717,569,627,579,625,630,561,598,598,618,634,608,612,625,646,657,655,711,762,741,701,705,719
679,742,508,515,524,575,533,568,630,619,581,582,596,612,629,631,642,677,710,670,689,695,743,707,766
531,551,598,558,678,528,536,611,567,629,573,595,627,726,702,662,703,725,655,667,693,740,730,768,728
593,693,555,522,569,567,567,547,554,577,589,582,642,624,628,627,641,670,732,714,736,707,700,722,774
651,607,555,561,535,541,724,561,559,625,604,599,664,678,630,680,664,696,655,731,678,685,698,715,773
522,619,577,502,532,550,585,565,568,576,661,634,620,619,614,652,712,661,716,668,687,693,693,737,774
919,663,571,523,565,565,600,541,563,563,572,585,675,612,613,653,721,693,656,731,675,696,693,716,721
743,593,500,540,544,605,534,552,626,563,696,586,650,602,681,628,637,660,776,663,745,698,744,705,763
794,686,511,532,622,537,536,593,571,568,633,602,613,614,683,635,682,642,668,712,724,686,702,708,771
676,512,538,506,510,622,607,595,566,566,581,601,682,611,665,659,658,671,908,956,673,687,747,723,764
741,580,518,512,545,561,629,569,590,588,648,593,605,622,629,696,683,650,670,686,676,693,749,743,777
1004,964,697,607,958,946,632,639,905,741,844,977,921,839,772,742,633,785,711,755,706,690,751,718,726
504,583,530,620,544,522,567,635,628,586,576,637,606,609,650,678,642,710,668,716,689,700,712,778,764
661,531,549,584,531,543,583,577,578,571,573,593,612,657,670,625,648,696,723,673,674,693,695,706,772
889,579,600,651,558,591,533,579,555,612,636,662,595,651,616,705,715,692,683,716,736,758,743,754,765
611,565,511,521,601,598,558,606,632,594,588,684,602,603,641,682,648,669,668,672,679,687,697,762,765
743,483,496,546,533,540,538,561,615,569,590,648,645,633,673,674,681,646,654,719,679,753,701,705,729
557,521,534,548,615,552,560,542,566,562,577,591,634,614,628,649,641,649,654,713,681,753,766,754,714
803,555,491,657,643,522,612,569,652,616,598,627,602,611,615,634,640,713,702,667,737,747,695,716,727
643,625,555,558,515,601,536,543,580,604,580,631,680,682,696,637,661,646,664,671,674,702,705,703,714
776,611,552,702,571,589,598,546,553,634,638,593,599,614,670,622,636,699,714,721,675,730,743,758,717
536,486,534,568,531,586,591,591,555,571,573,610,597,617,616,623,710,702,662,696,723,740,704,703,736
536,656,565,577,636,548,563,545,602,664,576,605,616,656,679,681,635,654,688,715,680,695,758,763,764
599,542,513,514,551,606,573,609,632,624,574,584,663,627,616,626,661,660,705,665,674,684,751,766,721
656,625,666,509,674,557,542,612,602,623,595,655,597,628,689,634,642,651,706,676,681,691,703,762,768
788,534,523,511,574,599,577,621,552,604,572,608,656,655,667,682,651,655,711,712,733,736,743,773,717
781,587,652,551,534,532,531,599,605,623,636,633,643,610,674,677,682,703,720,719,730,689,757,753,715
787,618,568,511,514,654,588,665,557,634,596,674,623,655,631,640,642,692,659,672,695,738,698,714,714
699,702,706,648,594,557,551,647,610,570,599,581,598,606,689,624,684,712,659,664,692,701,694,707,767
858,615,527,535,532,552,583,663,588,570,693,582,672,675,666,623,655,646,652,667,677,694,748,718,780
897,594,543,559,599,538,584,552,584,634,571,615,599,652,632,682,655,650,733,674,732,694,693,765,737
495,548,547,500,539,535,622,596,577,615,580,581,620,614,623,644,649,645,659,679,729,684,743,757,770
551,653,546,574,522,581,603,574,570,563,608,619,593,603,667,634,658,652,721,721,723,691,760,707,719
703,633,674,614,636,558,578,614,638,620,661,591,593,683,623,682,693,707,662,670,679,740,712,702,716
564,574,577,670,611,537,583,555,622,565,631,592,610,609,624,636,706,649,657,671,701,683,761,756,714
667,596,525,586,583,563,538,583,618,621,631,595,673,601,614,628,661,651,652,682,673,747,701,703,763
484,614,506,510,577,652,563,552,603,598,622,634,608,620,613,623,631,666,658,677,683,698,701,758,727
588,536,561,624,593,612,544,552,573,629,642,611,593,606,617,642,631,698,701,683,743,736,696,715,765
807,737,595,582,553,570,570,625,562,653,585,582,643,605,615,692,711,703,659,717,685,699,706,705,717
611,651,564,520,582,570,621,541,575,579,624,634,649,654,632,672,634,746,663,712,677,761,746,715,717
492,486,573,527,540,570,545,594,559,562,575,581,592,602,615,695,633,699,702,714,673,718,701,759,776
558,553,592,685,546,559,586,598,593,607,700,674,593,653,618,642,636,667,712,726,731,684,755,711,765
527,724,518,636,536,565,584,551,577,666,582,645,608,624,641,634,672,657,711,666,753,737,742,723,713
540,529,632,525,519,574,537,620,585,593,629,583,656,613,615,634,633,697,653,719,673,743,694,754,765
563,587,513,589,522,540,541,541,613,589,640,693,647,608,616,624,650,661,716,663,673,733,701,706,792
871,537,585,565,519,604,631,596,603,564,621,591,676,657,726,623,637,649,661,669,686,687,739,709,728
653,709,533,542,545,535,540,608,554,615,603,664,658,672,664,633,633,716,667,720,729,739,748,716,719
543,501,540,529,567,529,563,542,644,574,576,581,681,625,624,683,646,665,712,701,676,691,748,716,737
720,486,514,561,594,571,536,637,567,589,617,596,611,607,689,637,691,701,714,726,678,732,770,708,731
480,552,664,589,571,521,653,594,569,592,586,591,617,640,651,677,686,648,659,689,722,682,752,715,768
738,550,648,545,511,622,615,597,564,565,659,599,596,656,660,636,638,645,726,663,730,733,745,716,718
708,604,490,512,563,654,544,544,570,578,669,632,642,617,676,684,699,668,660,667,715,682,740,711,764
623,494,679,620,578,573,632,710,558,614,582,581,616,612,676,684,685,662,705,669,743,691,757,719,735
590,549,733,516,510,756,613,559,603,636,578,591,662,607,670,644,632,647,653,692,675,736,756,719,717
672,483,495,598,569,660,560,611,551,620,628,588,635,606,681,644,685,677,671,739,727,685,710,703,730
563,631,580,557,541,530,557,546,571,604,628,648,643,614,612,704,712,672,662,678,742,733,767,718,723
628,493,553,583,516,638,547,542,557,653,596,599,604,605,675,727,697,648,654,664,722,707,756,733,762
742,608,522,578,650,547,595,541,610,648,690,583,672,644,665,680,653,654,654,716,689,683,759,764,748
569,555,742,766,532,525,676,578,610,637,649,601,595,606,624,623,649,645,661,662,704,692,697,758,740
757,538,649,563,583,545,531,637,608,629,571,584,644,624,623,686,639,645,657,667,694,751,694,755,764
735,527,659,536,666,532,574,552,626,618,580,592,593,662,682,673,655,711,654,666,696,735,699,759,769
502,689,528,522,600,520,545,556,564,613,647,586,653,656,675,627,703,658,685,702,723,683,694,706,762
543,491,566,567,517,524,586,646,557,574,633,591,629,657,615,646,718,648,666,670,725,733,699,703,723
850,581,620,518,626,671,570,595,607,599,599,586,595,669,618,679,682,717,678,668,732,746,696,712,730
548,553,504,508,580,626,553,576,567,639,584,631,593,661,701,628,683,644,654,671,746,686,710,763,763
554,554,580,512,518,528,584,608,644,561,575,596,613,660,638,659,676,708,661,667,673,700,707,710,776
489,652,620,502,612,530,616,550,571,629,587,615,619,624,673,638,640,700,714,671,718,689,715,708,773
896,643,492,598,526,535,555,616,556,587,589,659,704,633,665,678,651,711,702,732,675,693,778,725,728
769,492,587,516,551,556,544,592,619,632,640,707,598,658,615,678,660,655,655,716,684,690,746,756,795
772,538,609,552,519,600,662,581,620,582,622,638,649,651,615,627,643,643,662,714,688,746,726,765,770
522,617,544,553,536,635,602,544,627,654,577,661,648,655,664,643,649,698,676,688,674,741,747,713,714
767,863,528,574,626,582,607,560,614,613,583,583,659,610,645,643,639,708,712,672,736,684,750,710,776
967,615,524,510,527,678,532,562,570,645,576,592,592,656,616,623,675,658,722,690,683,682,720,714,715
654,548,563,577,675,624,540,600,659,626,601,594,619,623,680,631,734,718,657,671,683,708,745,723,725
510,672,558,560,530,530,579,557,634,600,610,600,608,637,668,677,637,699,749,718,726,743,743,763,714
835,593,524,602,575,574,553,597,559,568,589,606,592,666,671,651,641,701,710,668,729,687,694,724,721
568,575,580,547,565,576,558,603,558,676,649,587,598,698,674,626,662,697,703,674,726,684,748,705,719
672,706,529,555,520,612,610,555,648,620,639,690,602,614,613,665,648,653,665,683,710,744,743,715,716
688,796,545,576,575,615,578,655,556,626,573,616,597,658,623,644,682,683,722,672,727,711,699,717,768
559,562,560,530,511,521,596,692,566,595,581,648,594,621,634,644,632,642,710,672,730,735,759,758,773
679,490,635,519,563,566,543,544,553,603,612,587,666,627,614,676,639,726,705,674,687,760,748,757,745
650,555,512,620,511,539,543,648,661,610,578,586,678,616,616,640,691,652,653,664,675,747,752,756,732
807,490,519,552,517,598,602,543,551,581,573,620,673,624,646,643,634,715,652,667,694,734,717,722,715
694,780,509,634,511,550,616,551,590,567,609,622,600,601,613,624,649,657,654,723,728,688,747,709,717
601,573,567,513,522,527,654,630,644,569,627,619,641,666,618,632,694,667,709,718,683,682,693,703,735
632,561,598,550,581,544,530,557,640,563,660,595,646,605,624,639,632,649,711,746,684,741,692,756,714
548,700,604,522,524,529,534,593,552,579,627,650,646,671,681,654,663,703,663,669,675,699,766,714,766
489,601,523,501,532,544,589,541,573,579,573,670,677,663,611,626,650,658,708,687,680,683,719,773,715
544,656,558,555,517,541,593,559,620,592,633,588,617,605,666,660,633,650,660,721,721,735,692,771,763
610,612,526,614,684,554,629,581,651,618,621,593,642,628,671,627,650,720,657,713,674,741,749,716,764
817,711,560,570,525,542,533,543,569,678,597,586,593,603,637,676,632,716,653,718,678,684,714,714,735
534,543,528,603,569,573,564,599,570,629,578,631,653,622,632,632,640,654,702,712,678,682,700,755,717
588,524,717,574,580,601,554,620,560,621,578,620,680,621,614,684,633,646,656,719,722,704,701,761,724
528,640,568,681,681,639,545,591,577,614,573,585,598,655,641,622,684,663,710,661,711,756,754,705,721
526,484,554,504,595,529,545,542,556,679,575,632,642,662,626,631,653,696,654,664,727,705,759,713,771
857,543,490,539,590,542,576,575,576,606,574,592,631,658,621,624,682,651,710,686,673,710,692,757,790
505,494,491,660,517,583,584,563,603,561,622,648,645,656,662,706,635,655,701,665,741,687,731,787,732
799,493,497,581,511,560,607,544,584,662,598,641,646,610,617,637,637,649,665,717,677,687,747,725,731
506,798,595,560,623,571,628,626,578,628,651,642,668,627,642,683,654,645,679,683,730,753,696,724,774
479,591,556,502,522,566,600,595,554,643,658,655,654,622,668,653,656,683,662,673,680,688,752,717,714
543,575,576,585,535,578,595,703,566,569,636,641,606,613,666,655,689,652,724,670,677,733,712,709,717
532,601,650,565,598,552,559,549,565,617,649,651,592,616,625,624,698,644,688,717,692,735,747,761,735
952,679,643,545,578,537,552,562,569,599,579,632,614,654,671,671,682,655,702,662,722,731,707,702,737
510,585,600,539,555,622,613,609,557,586,571,607,591,609,634,629,645,646,705,665,703,683,714,702,714
593,499,562,513,577,566,588,546,559,596,629,583,597,636,649,656,740,644,666,724,697,744,701,759,764
715,540,542,659,566,543,596,637,568,567,635,672,604,604,663,648,669,664,705,670,675,746,744,759,766
688,651,511,669,558,667,617,611,552,607,643,604,615,610,612,678,647,704,655,671,694,687,742,713,715
686,847,508,548,573,524,583,574,615,573,728,598,652,652,623,647,692,662,666,677,678,734,755,755,713
582,748,659,528,576,636,554,608,572,636,645,631,596,661,640,683,692,731,656,664,725,806,746,712,768
633,788,534,626,600,589,595,596,632,580,572,583,705,603,618,678,639,700,706,726,694,687,697,706,742
719,555,574,560,520,530,533,622,620,578,596,643,596,682,617,652,687,646,703,690,680,735,696,703,725
706,483,581,546,552,527,582,583,633,620,581,643,597,665,679,648,636,692,676,735,675,766,741,752,713
496,604,565,572,611,533,677,558,642,626,701,637,655,665,620,631,648,716,676,721,679,684,702,755,713
820,515,499,639,618,586,594,544,626,603,588,602,612,603,632,634,718,702,705,720,677,694,698,705,771
496,607,595,513,575,575,540,543,559,584,572,583,592,668,615,633,679,677,726,670,822,759,752,758,765
814,594,528,596,569,529,584,562,597,622,588,703,594,603,660,625,645,694,741,670,726,698,762,707,725
524,599,566,643,515,601,548,594,593,609,577,678,670,608,647,680,637,645,724,668,675,697,752,725,765
476,572,521,546,539,573,549,605,562,562,586,670,625,608,630,623,642,674,660,718,696,685,692,706,717
694,567,529,679,540,691,584,541,608,589,583,610,606,614,612,637,732,681,658,690,723,683,717,705,773
700,562,517,510,582,586,607,549,566,568,583,648,601,603,620,697,643,648,664,713,727,691,751,752,776
534,547,566,574,560,654,548,558,560,629,625,613,592,661,620,673,693,697,662,662,673,683,696,711,789
556,485,631,528,653,531,604,549,556,663,642,593,600,608,613,693,666,677,705,678,676,701,693,707,801
709,544,550,516,580,559,539,571,579,575,658,584,600,630,635,678,698,661,706,725,701,759,742,782,792
558,576,642,536,563,548,535,597,627,627,573,640,631,612,633,628,651,644,676,695,724,687,751,709,713
489,498,705,560,643,539,592,584,607,617,590,593,596,645,695,624,699,712,652,669,736,686,771,722,720
552,675,598,560,512,636,621,545,571,588,574,592,607,611,637,631,691,642,726,676,681,746,754,754,793
499,657,556,515,604,550,536,545,578,575,603,625,657,610,681,676,636,664,707,672,678,683,771,704,766
590,568,539,602,706,532,575,602,675,577,628,621,674,630,612,636,644,662,652,663,673,684,701,715,724
698,518,508,523,581,538,615,548,590,604,594,616,650,609,615,628,709,642,679,669,722,741,746,712,768
616,577,587,535,639,559,553,555,594,579,646,586,670,654,644,622,633,646,703,665,673,733,724,713,764
637,702,546,509,668,598,540,543,570,592,627,588,612,651,612,660,693,731,710,716,681,691,722,765,716
509,493,626,630,522,531,581,615,637,647,672,616,611,624,670,650,658,644,656,670,675,745,750,763,734
510,528,498,557,579,543,543,546,599,671,598,583,623,662,614,632,633,708,665,662,687,756,710,715,722
817,584,576,570,519,522,589,545,556,665,621,633,644,609,663,680,642,715,657,714,742,731,749,705,764
471,602,509,561,590,620,578,547,637,639,589,600,653,610,664,624,638,702,670,730,744,735,710,763,718
565,551,521,552,563,525,552,556,603,622,598,636,672,607,614,665,639,698,702,665,679,745,751,708,767
682,669,543,533,592,535,532,548,620,669,626,638,595,604,665,634,636,693,706,670,672,687,759,798,778
671,564,572,605,591,541,549,552,558,589,585,659,594,606,665,642,706,705,655,713,687,709,693,712,769
619,685,499,565,569,616,544,705,633,632,603,639,683,684,622,656,684,654,701,719,723,683,752,717,722
503,499,537,598,514,641,590,616,639,621,586,592,593,637,620,635,644,646,701,662,685,737,742,761,765
563,694,659,644,542,533,626,566,579,569,636,586,650,653,663,637,690,709,666,721,689,683,747,720,768
486,513,604,503,512,575,566,599,623,562,580,626,600,608,613,622,632,643,715,749,678,709,743,762,714
538,519,494,645,552,590,639,555,561,571,607,589,666,665,667,646,649,653,652,711,672,707,760,710,720
624,508,551,502,587,536,534,647,624,594,581,583,601,655,637,627,654,652,691,687,677,746,762,705,762
546,544,625,656,572,540,545,568,556,570,573,590,646,705,612,651,668,660,655,769,677,683,697,754,718
868,800,513,697,539,530,628,699,657,575,627,613,606,610,665,687,643,666,657,686,683,698,704,708,770
472,504,505,527,586,530,531,614,666,612,574,611,593,611,635,664,696,646,681,702,683,768,696,703,714
852,566,545,515,620,622,565,585,601,579,573,633,643,620,671,681,653,700,722,725,673,698,696,775,781
723,546,686,505,511,583,536,551,632,612,599,595,612,653,666,624,638,643,659,729,673,742,719,705,722
845,657,507,578,576,559,609,594,563,563,656,646,639,626,617,633,648,673,677,715,677,725,791,713,788
637,695,510,605,562,550,535,654,552,576,650,592,610,663,637,638,684,648,659,711,672,702,754,702,723
702,575,565,566,598,602,542,600,703,645,571,604,596,643,621,634,633,642,717,722,726,738,703,703,716
774,505,575,561,585,591,587,605,559,631,596,583,633,617,638,663,643,685,716,664,726,736,696,702,712
755,522,616,510,531,523,556,597,608,569,623,629,675,669,619,622,695,669,655,731,681,689,699,703,725
529,486,571,532,529,594,545,659,609,587,615,597,662,658,677,641,645,707,701,667,733,726,693,743,765
729,495,516,523,541,572,532,548,579,581,623,616,645,602,629,624,711,642,658,722,681,715,695,711,717
484,595,559,521,564,532,549,559,555,585,610,632,654,607,668,694,633,706,661,671,750,761,743,704,735
556,573,502,565,598,527,602,548,597,563,623,588,647,674,664,674,690,650,707,663,672,683,749,708,712
539,557,550,512,523,534,591,544,557,569,631,638,593,611,661,632,634,681,658,669,726,691,768,703,717
733,647,619,691,542,587,608,599,574,575,586,658,593,647,670,623,633,642,728,665,689,695,700,703,722
689,493,565,541,614,619,590,551,567,564,645,589,642,655,641,623,666,649,652,713,734,711,742,768,766
660,588,570,664,573,572,533,550,567,583,578,583,594,605,641,638,706,642,654,727,728,732,693,752,712
665,492,561,541,627,540,692,552,603,627,588,657,629,607,671,644,638,709,712,717,728,688,748,763,724
862,729,587,503,525,535,541,549,593,707,668,599,592,612,618,636,663,719,672,690,683,735,697,706,771
710,766,502,529,707,573,536,572,622,571,586,622,601,604,681,671,644,657,662,676,673,713,744,759,766
744,606,597,589,605,614,538,548,554,644,585,600,622,603,620,629,687,646,656,713,730,685,748,761,716
488,488,500,540,642,595,604,604,601,635,609,634,670,633,621,622,687,724,657,713,741,745,743,767,717
560,581,664,618,613,591,589,587,558,638,626,660,625,609,672,633,661,655,703,685,786,732,712,703,723
526,565,569,507,541,729,675,649,553,582,621,599,597,664,641,629,691,645,655,718,677,732,702,716,765
903,565,528,552,531,596,558,548,553,601,656,632,626,617,691,680,710,707,710,689,736,757,758,753,763
655,656,736,671,594,733,533,568,557,581,618,585,644,669,672,684,687,699,655,685,722,685,695,704,712
557,656,501,660,540,527,589,634,638,561,609,588,623,672,624,633,685,649,654,677,679,740,761,766,787
799,607,625,664,516,599,617,634,553,566,578,613,609,653,705,640,636,713,667,668,728,685,746,755,740
588,548,740,754,564,548,589,555,610,571,629,595,596,658,625,683,692,695,672,674,722,745,753,724,725
662,524,750,632,525,520,539,592,604,586,574,661,621,602,617,636,633,642,725,669,722,683,742,708,776
930,532,708,557,605,610,622,594,607,562,589,587,598,620,620,676,681,648,653,717,736,732,743,713,767
523,601,502,578,530,620,634,553,583,571,610,582,650,642,623,621,651,667,702,665,680,687,702,758,718
603,521,530,672,572,585,592,612,615,573,581,632,609,696,686,626,650,651,653,668,723,683,745,717,767
798,721,565,529,512,539,534,558,588,562,654,587,599,614,691,621,685,654,708,674,724,685,701,703,717
803,541,497,550,544,582,531,571,616,650,623,591,593,606,670,633,632,694,708,731,676,740,735,704,772
798,505,507,509,599,593,562,645,564,561,585,597,597,630,635,631,701,656,658,726,689,748,745,705,763
581,530,550,663,524,629,542,605,568,622,593,633,623,654,620,627,706,653,662,716,675,757,742,757,723
676,570,690,595,629,591,572,543,630,671,635,636,668,653,670,672,687,653,716,726,685,683,701,755,764
497,592,540,525,635,559,644,541,578,620,641,613,650,608,638,671,649,649,664,713,679,692,745,709,770
752,747,510,577,584,530,558,647,608,590,580,588,651,611,646,677,640,646,702,732,696,686,715,759,775
562,787,573,577,519,584,561,563,559,574,650,666,622,632,623,627,639,728,704,678,683,734,710,704,746
628,502,491,509,596,618,548,613,561,590,633,635,595,609,626,624,651,698,744,716,726,736,721,706,767
872,552,577,548,661,597,580,545,557,568,632,638,628,602,629,675,715,648,657,688,693,686,744,709,726
620,499,662,547,519,627,658,604,601,630,589,609,647,697,612,642,637,700,655,666,722,731,693,755,717
806,701,498,502,540,543,556,648,565,632,575,588,606,605,623,661,640,709,661,713,676,698,749,757,715
541,506,529,508,534,553,626,541,556,615,587,585,595,693,672,625,644,652,668,674,673,702,708,725,773
676,598,500,554,591,524,585,601,561,659,586,582,603,610,613,632,725,696,670,663,681,698,755,756,771
554,521,583,522,522,585,613,557,558,566,578,601,591,659,668,673,641,649,706,719,725,769,703,770,762
687,590,584,644,607,540,531,550,574,654,588,586,628,629,616,656,700,649,670,713,694,696,718,762,775
547,564,717,571,546,594,574,687,615,594,636,632,671,664,698,644,632,729,718,662,701,686,743,765,718
573,715,633,547,534,643,632,541,609,585,593,621,663,626,665,652,644,668,672,715,673,691,715,727,769
506,512,541,553,523,592,609,566,553,640,629,635,596,636,617,714,688,706,707,726,677,738,693,705,738
511,711,563,521,544,529,540,605,600,624,578,608,649,652,619,634,694,648,660,666,722,685,710,708,726
875,596,579,555,614,534,545,676,603,631,659,589,611,664,707,625,636,647,682,721,680,696,757,766,712
532,492,490,534,543,579,600,546,571,586,626,630,612,605,616,629,682,667,713,725,675,686,751,712,774
780,481,527,559,526,525,566,642,601,636,580,625,647,603,667,649,693,644,673,677,726,690,696,712,717
585,690,495,602,660,540,547,587,566,614,603,598,604,630,631,642,686,648,658,662,722,732,788,731,780
617,690,685,568,577,643,544,555,562,586,625,636,639,626,668,680,632,650,713,713,681,711,704,717,719
688,500,533,637,552,577,530,542,641,615,635,595,600,602,628,681,685,682,653,732,676,739,744,762,765
677,777,517,609,514,548,642,550,562,632,581,597,683,624,621,626,684,649,705,666,724,693,703,704,769
509,591,559,504,616,678,544,651,555,625,614,612,597,602,615,628,721,662,663,736,675,732,748,760,779
773,502,540,725,523,530,537,548,596,579,581,623,646,702,670,679,694,653,714,725,724,684,744,773,712
598,546,492,589,533,707,617,559,565,592,587,585,671,628,614,635,691,642,704,684,723,692,694,703,767
655,559,500,604,538,704,603,556,552,605,580,674,644,608,619,721,642,653,658,684,686,739,752,746,723
485,709,507,642,515,602,582,622,602,624,678,648,600,606,616,716,697,692,722,725,694,731,709,716,763
873,577,695,675,523,638,536,661,579,571,628,634,605,622,668,653,632,641,657,694,723,685,698,756,719
588,498,510,675,677,579,549,569,573,580,577,638,646,603,625,625,694,642,653,671,679,750,762,709,763
910,536,639,727,588,537,594,559,565,632,651,602,645,660,673,633,710,700,653,680,702,741,752,756,724
503,518,490,526,635,529,545,548,558,581,580,590,609,676,615,637,639,707,662,683,682,737,758,718,762
510,712,638,530,599,525,556,566,613,564,594,632,628,603,691,640,678,659,721,663,740,699,746,756,719
570,668,519,544,646,529,565,563,638,627,602,663,677,604,641,631,649,706,674,716,712,697,694,758,719
505,600,557,564,535,536,605,554,556,662,597,604,605,670,622,627,693,703,673,679,698,683,697,780,724
494,672,493,545,538,640,534,694,570,658,578,601,664,616,622,717,695,647,661,693,729,708,698,708,719
748,672,525,534,529,531,544,597,570,572,572,645,644,621,637,630,636,709,726,663,685,692,696,716,715
610,691,568,530,516,524,580,552,562,694,603,599,642,697,671,718,696,647,704,726,724,694,726,715,746
608,521,622,555,526,561,584,544,572,563,664,633,594,606,628,676,651,643,711,682,725,682,757,704,726
576,538,573,605,561,590,539,554,579,573,592,636,608,638,672,639,637,649,653,675,694,734,749,707,778
914,554,538,507,604,591,643,545,558,614,571,639,607,689,658,642,644,707,674,729,674,735,748,705,780
719,628,541,533,602,546,590,579,565,584,604,649,657,652,691,689,643,647,701,679,736,684,692,721,720
532,615,622,501,633,667,549,545,613,617,647,590,612,634,633,644,633,691,660,727,747,736,724,707,770
640,553,538,614,515,531,536,553,612,567,580,585,662,608,623,692,640,712,663,662,729,685,700,759,720
470,496,623,553,550,570,581,551,577,568,582,593,642,608,635,657,635,645,690,684,683,704,695,723,770
831,754,522,558,545,582,591,556,702,563,571,595,644,608,622,679,649,696,654,667,733,690,694,726,717
655,586,518,506,514,570,533,568,582,622,632,583,592,624,621,673,690,665,660,716,727,691,693,759,715
719,556,582,558,565,557,561,637,671,591,620,591,592,620,613,639,646,682,667,666,747,749,744,758,764
554,827,500,678,624,605,554,559,629,604,593,654,652,613,614,674,703,647,670,665,722,732,693,705,734
583,509,495,530,604,601,563,600,587,577,658,592,600,673,611,647,642,724,704,736,722,684,693,757,722
844,514,564,607,541,580,635,563,573,596,584,634,657,602,685,652,683,649,671,662,673,687,743,703,765
657,656,503,589,598,584,539,593,564,611,624,652,651,649,673,659,638,655,663,668,724,711,694,706,726
509,485,722,645,603,593,583,563,628,569,635,683,604,604,668,662,683,658,658,684,672,686,693,752,767
671,502,504,522,555,569,584,596,573,584,577,677,678,603,721,676,699,646,653,718,724,734,743,703,769
730,517,541,691,538,527,619,602,572,633,624,661,647,605,619,637,633,697,653,672,685,744,701,766,763
583,482,494,550,536,571,581,707,583,582,589,584,670,677,623,623,687,718,662,669,706,682,701,703,762
494,544,648,551,533,540,590,546,551,566,676,646,599,682,621,626,637,700,701,670,721,683,705,755,714
821,520,509,640,625,536,578,620,579,572,642,583,680,699,649,649,688,651,721,766,673,756,697,712,763
845,661,652,562,551,586,619,547,607,640,634,589,641,608,623,627,703,661,666,669,722,767,693,713,763
576,548,603,587,574,538,546,615,560,620,641,637,599,668,669,627,632,693,670,667,722,691,694,758,730
635,662,615,658,595,719,642,611,626,723,630,648,652,631,626,639,640,642,652,669,674,733,744,720,725
523,590,660,518,557,525,532,606,565,637,608,610,591,632,679,679,636,647,703,718,725,694,693,761,763
530,648,517,537,526,564,599,595,556,608,600,605,628,607,616,674,640,694,659,665,675,757,758,704,717
535,580,557,520,553,602,593,630,665,561,658,592,600,655,613,673,639,646,677,717,732,687,746,712,734
569,539,490,544,550,582,562,556,564,604,593,650,646,609,630,671,634,651,665,720,682,767,703,754,714
774,557,703,608,513,624,551,571,553,631,608,594,602,631,623,681,687,691,654,673,727,732,693,777,715
507,562,585,527,536,546,560,618,571,621,634,640,598,674,667,633,687,654,708,732,722,735,748,754,780
691,493,508,554,518,525,583,566,556,561,629,632,604,620,630,623,638,699,721,698,683,732,693,711,729
741,774,571,508,529,541,530,668,592,624,574,582,656,666,630,629,709,694,655,738,727,733,783,753,714
731,579,624,509,584,535,618,594,564,623,637,582,605,626,619,680,636,648,707,691,676,694,699,754,715
863,511,506,507,511,547,607,557,551,572,630,617,630,651,618,689,640,654,653,678,679,686,745,755,727
491,530,642,528,540,695,569,542,568,588,574,637,684,661,695,635,746,697,703,666,728,698,752,704,725
484,520,553,512,559,525,544,596,569,561,609,582,609,667,612,694,632,679,703,716,674,736,744,709,716
668,690,631,537,574,586,549,561,587,576,642,586,644,614,661,633,634,699,732,664,723,687,698,754,768
754,541,543,602,572,527,628,593,580,630,621,585,593,655,629,690,649,713,709,733,695,700,748,703,775
483,659,494,525,530,557,546,594,643,664,581,581,614,602,612,679,683,694,733,662,728,789,699,752,723
822,627,495,677,556,555,587,554,555,632,578,589,626,666,612,671,636,651,719,663,740,732,694,758,718
774,504,557,528,581,546,534,634,566,574,583,589,609,606,620,642,684,665,720,680,732,749,693,771,720
707,641,546,558,525,542,651,552,573,635,638,587,597,616,625,702,638,695,706,686,700,693,694,713,769
668,709,510,508,600,529,613,560,577,630,623,661,642,624,631,635,685,651,661,685,692,703,721,704,757
598,492,531,569,517,535,583,563,606,675,578,599,643,693,614,665,704,643,711,674,694,715,705,704,771
476,776,526,501,735,545,558,547,560,563,577,585,592,612,669,678,641,649,661,669,683,743,760,704,732
518,611,502,569,617,587,543,575,554,601,596,588,594,606,616,636,644,705,657,668,727,739,746,705,770
745,788,542,507,527,524,563,544,556,646,592,612,599,622,619,649,682,702,686,713,736,695,704,708,721
496,553,588,569,514,534,534,602,573,585,593,664,616,629,668,623,657,674,653,669,678,687,750,753,725
547,655,732,544,589,526,540,550,557,572,593,610,625,651,618,639,686,694,659,723,754,697,693,754,733
595,482,611,551,540,535,627,601,626,566,573,593,667,625,663,646,659,643,734,712,722,682,710,703,765
682,588,516,646,617,521,547,546,552,644,626,599,679,672,629,672,690,654,681,668,691,687,754,709,721
749,536,497,640,590,626,541,603,572,576,588,589,644,615,626,623,697,664,668,716,735,694,760,766,771
666,557,509,592,553,541,578,564,597,569,577,598,650,613,730,673,635,656,697,719,672,752,757,739,740
898,561,563,601,529,620,596,563,679,609,572,635,607,607,692,679,653,691,696,713,679,711,693,740,734
654,616,493,534,586,521,584,603,623,625,578,659,610,617,626,622,644,647,657,666,724,685,702,715,740
710,523,605,663,513,599,608,586,554,575,588,590,595,608,639,633,705,719,764,667,693,691,777,727,734
641,522,550,510,511,521,626,552,560,566,630,615,595,657,638,681,663,653,652,669,739,718,718,772,780
833,532,491,699,584,526,550,546,602,567,571,584,594,618,665,679,680,646,666,664,715,703,698,708,719
533,601,497,616,531,629,587,597,587,580,587,603,607,610,673,628,641,646,683,731,723,689,693,708,713
583,562,515,504,554,568,536,555,551,589,602,585,632,636,626,627,645,659,701,665,736,735,694,754,789
857,635,626,595,574,542,593,559,636,596,580,600,598,657,680,706,638,653,663,698,678,735,697,755,715
712,579,503,514,519,538,580,620,585,643,633,592,649,609,612,625,634,642,662,717,749,753,752,709,715
524,498,625,639,542,579,545,545,568,594,635,631,644,657,646,674,655,655,718,717,674,683,699,752,786
653,540,524,506,589,640,553,553,643,587,607,602,673,628,626,629,685,652,704,713,725,685,703,717,775
607,798,594,596,561,559,593,563,653,625,589,632,597,672,636,632,681,664,655,687,685,682,706,724,769
671,502,681,531,563,542,582,693,593,609,572,676,598,657,681,677,691,652,661,746,734,739,696,708,744
638,540,542,583,511,588,662,648,557,588,637,637,657,663,617,679,650,667,707,678,734,687,692,709,788
884,506,673,719,605,602,561,635,623,600,627,583,628,619,619,644,641,696,666,664,676,685,696,718,767
547,516,523,580,515,661,692,541,655,620,573,633,625,662,622,788,688,644,654,666,693,743,744,707,728
682,654,623,504,591,578,590,619,628,646,632,600,595,620,620,629,636,647,652,716,734,757,764,731,737
854,517,741,517,567,602,541,677,609,584,592,620,594,619,665,621,688,642,686,668,686,709,743,706,762
601,491,661,538,536,580,531,541,572,567,616,618,601,622,674,706,632,653,662,683,689,739,709,720,736
729,499,533,528,609,608,532,576,620,617,600,587,597,651,673,621,632,660,659,667,739,750,755,796,766
635,604,501,609,575,554,531,562,570,570,659,606,606,613,614,686,659,649,673,685,722,732,694,704,777
853,708,595,610,570,650,580,546,581,666,589,584,632,653,671,630,658,665,710,668,740,732,757,708,717
490,524,589,515,560,587,571,549,574,600,583,606,605,654,622,649,688,684,666,683,680,746,693,710,764
990,491,494,553,633,608,583,568,654,569,681,634,658,605,665,715,633,696,656,669,684,707,694,754,745
689,896,496,505,590,561,557,586,586,590,594,594,633,602,622,628,658,702,676,730,677,699,705,703,769
586,555,578,636,542,533,569,700,559,572,615,625,614,633,623,691,692,670,674,741,675,737,701,755,714
846,502,526,567,526,572,581,630,579,569,587,600,620,608,612,674,690,652,726,662,723,751,755,780,822
829,523,503,772,599,578,678,545,552,623,637,588,637,634,611,686,650,648,703,708,730,691,746,754,763
487,643,586,600,585,571,569,633,559,619,623,635,636,628,614,625,648,709,701,665,683,732,744,765,733
718,564,590,520,539,596,544,637,623,568,634,656,594,622,629,674,731,717,658,715,727,707,700,762,714
598,577,570,684,548,623,531,565,645,574,623,581,593,622,612,677,721,644,658,672,684,742,768,707,783
601,874,749,517,592,581,536,543,556,617,583,588,613,612,674,665,643,693,711,664,673,684,713,702,714
643,587,516,655,626,578,551,642,558,641,621,638,612,606,615,626,637,667,718,693,673,739,768,767,715
903,536,498,557,584,608,612,554,555,644,646,643,595,680,629,673,633,648,681,682,676,691,693,751,765
603,534,497,705,531,530,614,548,633,567,628,599,593,660,665,638,639,692,713,671,729,703,751,721,715
595,828,562,584,628,542,635,582,596,601,580,633,655,662,613,682,652,699,702,715,737,743,745,769,713
758,711,545,525,579,543,560,594,614,653,597,592,596,623,683,623,733,643,673,673,731,705,743,755,757
483,518,601,583,522,632,581,563,623,669,680,648,647,616,656,687,667,649,701,716,675,740,752,706,769
683,642,538,524,549,571,574,544,645,618,631,627,644,628,631,721,645,681,714,711,723,736,761,770,725
552,649,517,625,582,573,592,650,560,614,650,620,649,687,619,634,635,665,703,690,731,766,694,721,722
588,517,496,549,520,521,676,555,601,609,589,591,593,613,694,637,694,705,706,675,690,761,772,706,718
498,706,490,505,628,620,537,574,605,653,581,652,659,605,618,672,685,703,709,717,726,695,695,717,772
571,554,627,643,584,716,540,625,563,600,624,595,598,617,666,638,683,651,677,675,673,737,702,753,720
735,621,547,510,621,550,601,614,610,586,575,643,649,616,623,636,632,652,713,712,729,732,745,765,751
691,489,500,525,521,527,593,546,647,579,645,645,711,660,644,639,637,654,704,667,731,733,763,705,801
612,570,624,619,565,527,531,558,644,574,581,633,614,602,637,627,632,667,657,692,675,694,706,755,716
489,581,512,555,553,539,560,601,562,569,602,645,643,607,662,631,706,657,741,668,731,695,707,753,713
667,592,591,521,525,581,633,563,617,566,572,646,595,654,620,638,709,644,656,666,672,689,754,772,715
679,637,524,628,530,526,581,616,565,602,585,645,614,610,660,677,686,656,654,677,725,735,702,702,717
536,546,507,534,532,607,556,578,615,630,609,587,593,611,695,635,692,648,664,728,678,684,695,734,715
500,705,612,595,570,535,567,570,551,604,622,590,680,657,614,673,631,732,658,666,684,691,708,721,732
544,541,490,523,519,573,538,570,631,570,581,593,618,616,620,652,639,642,653,713,722,692,694,722,716
647,577,536,593,587,542,568,554,561,605,573,593,602,601,618,697,634,711,663,740,678,732,697,766,728
471,609,512,555,603,589,561,552,573,597,634,644,684,629,661,640,694,660,714,717,740,692,723,714,723
734,527,494,554,604,552,586,548,564,576,577,593,664,653,680,697,639,648,652,729,695,736,694,729,717
541,680,503,560,552,575,619,611,551,632,572,632,642,604,627,671,637,663,718,676,680,745,699,756,768
823,579,541,629,579,559,541,638,631,624,617,633,667,662,636,623,691,699,663,733,731,698,750,713,713
610,510,531,526,566,537,565,647,578,578,572,604,607,606,685,633,635,647,678,663,679,694,699,752,721
582,518,550,566,516,551,622,713,650,580,621,606,615,603,629,692,687,647,657,670,673,690,751,707,714
651,638,505,590,741,552,532,627,564,563,578,649,605,623,624,714,727,651,696,678,674,694,701,715,772
657,505,492,579,565,545,556,668,607,627,623,581,643,618,616,681,632,646,735,716,679,691,728,706,715
886,568,599,538,523,524,537,603,623,642,626,683,661,621,614,628,639,649,661,678,678,708,697,760,777
833,488,490,537,601,534,533,592,646,628,653,677,621,623,612,628,642,692,720,728,686,691,692,722,765
730,632,514,528,603,588,598,548,589,588,639,676,601,602,625,627,691,699,711,670,723,685,703,723,769
777,792,553,503,518,522,557,597,613,619,595,590,620,652,621,663,634,703,701,716,693,687,694,753,762
918,575,595,512,577,625,588,592,554,567,594,591,599,606,650,660,632,702,703,667,733,773,747,767,716
583,692,524,503,563,520,600,574,624,571,577,612,603,633,639,628,635,657,652,665,686,746,766,706,723
872,595,736,664,525,653,541,590,579,616,623,666,592,669,617,652,681,650,719,717,727,699,700,708,787
479,719,588,620,517,532,580,560,603,581,597,641,601,651,627,629,647,642,735,726,676,732,699,717,728
550,492,524,570,588,606,537,578,601,582,627,609,604,655,615,622,641,725,710,662,687,737,742,705,722
511,509,570,648,520,526,653,559,606,690,582,656,649,631,681,621,688,644,677,712,676,698,718,705,730
684,567,528,584,512,525,584,618,586,591,604,656,610,609,695,628,691,651,681,670,686,742,697,730,732
828,502,551,535,538,530,586,563,613,571,655,639,614,654,612,699,641,653,652,713,727,733,745,760,712
560,484,517,621,578,560,662,603,570,645,576,581,600,602,624,626,695,692,652,725,674,696,700,752,716
583,564,632,521,579,522,538,605,566,633,574,595,601,630,662,632,641,703,690,718,683,705,693,754,723
864,522,563,672,570,527,542,558,601,679,579,582,604,620,626,672,643,693,654,679,672,685,716,754,780
567,570,571,523,675,535,606,616,557,632,582,591,595,601,629,622,692,695,730,721,733,694,734,763,734
754,654,526,625,627,589,562,609,605,616,580,636,642,603,628,676,684,709,711,712,736,733,757,756,780
593,486,539,556,514,619,605,600,563,565,585,599,599,648,715,648,688,643,712,673,675,684,746,754,727
825,592,536,546,605,533,623,602,556,607,629,606,629,607,647,682,634,655,690,733,727,739,698,764,717
715,596,512,501,520,532,540,620,566,572,669,635,613,653,700,622,662,696,654,712,732,682,744,711,765
855,568,605,522,515,564,536,548,571,631,665,590,647,654,636,671,636,647,660,669,674,712,747,754,732
603,539,769,615,526,548,572,553,561,581,625,666,664,686,617,631,634,696,741,720,677,734,698,721,725
727,512,670,505,578,566,592,571,615,564,640,582,665,603,679,625,693,694,705,733,728,684,700,770,712
585,532,496,538,511,569,583,620,663,632,624,587,597,682,680,708,641,695,656,666,679,733,744,715,714
560,546,565,723,551,537,639,592,609,632,639,653,670,661,662,654,707,658,656,754,672,734,692,723,730
581,482,609,571,521,602,600,563,699,591,573,658,645,668,612,632,681,647,671,725,723,734,695,709,764
478,739,574,547,538,550,538,593,618,628,581,604,645,664,640,625,690,651,676,668,692,734,705,703,776
845,555,654,556,573,570,588,597,563,615,647,620,612,603,626,643,635,701,654,730,685,684,715,758,769
887,612,583,662,540,535,571,547,582,563,573,603,598,622,614,630,697,644,657,716,675,755,704,704,724
517,635,501,584,570,552,587,601,552,597,619,659,667,607,613,636,642,677,658,672,688,744,711,758,779
496,583,600,512,526,542,554,569,595,667,577,592,603,611,618,675,645,694,654,695,672,737,693,766,765
479,575,613,560,601,567,645,570,555,561,589,631,721,636,677,623,692,649,710,685,686,748,711,757,715
876,501,492,523,668,568,602,551,598,619,624,586,602,663,629,674,717,664,654,730,740,683,748,728,773
505,485,619,580,518,572,693,591,668,579,628,661,675,602,615,623,684,649,668,721,700,706,693,722,714
731,520,566,539,570,564,534,545,652,671,695,690,646,655,625,645,707,649,706,714,678,694,756,706,716
704,830,567,571,626,584,532,565,551,578,601,582,593,655,619,624,641,646,654,676,722,748,745,756,791
940,628,499,655,582,564,539,552,637,569,573,599,592,619,639,723,706,668,716,664,681,699,745,706,720
698,524,762,506,519,608,633,544,560,589,596,641,603,645,615,684,633,679,654,734,673,735,694,721,716
711,489,608,550,515,606,644,665,597,564,614,590,597,663,621,647,638,698,681,712,755,697,733,716,713
556,528,556,534,614,589,656,549,604,580,625,589,593,636,669,678,670,644,670,677,689,699,694,759,721
491,586,507,509,578,638,540,573,561,563,630,649,605,654,618,731,691,642,710,677,673,684,747,703,771
736,565,492,529,623,521,539,592,607,635,594,595,626,606,635,646,643,657,652,674,678,682,700,704,764
691,497,575,513,519,596,726,571,631,565,597,660,645,620,719,625,636,692,710,713,722,689,705,709,716
780,591,600,613,516,537,592,634,624,580,578,653,710,672,622,646,653,706,662,669,674,694,749,707,719
486,528,601,578,581,547,546,600,559,643,600,679,593,619,695,626,684,668,656,670,683,735,780,778,788
682,821,641,616,546,554,611,615,620,568,649,635,601,667,654,623,689,644,657,739,672,691,748,726,773
819,531,540,558,585,618,566,612,614,573,611,587,642,602,631,675,638,685,721,722,734,702,694,703,717
546,528,779,681,542,625,609,612,604,567,577,588,619,664,700,635,641,642,738,674,722,695,737,722,714
620,484,575,635,535,602,656,586,616,561,595,701,613,611,611,638,633,650,659,713,730,748,702,756,768
554,576,603,533,521,665,562,561,596,564,626,633,598,613,663,623,683,720,713,714,687,715,693,707,771
531,668,500,587,527,622,627,553,564,624,599,642,660,653,668,678,643,643,663,670,685,687,703,709,763
532,550,494,538,567,589,534,544,572,580,586,582,646,652,638,626,682,650,711,673,733,742,747,713,766
754,577,675,581,651,527,644,641,589,603,638,625,601,610,646,692,691,696,723,719,677,695,702,760,772
696,534,499,542,560,525,545,558,551,591,594,634,600,668,639,658,640,698,751,687,691,685,754,736,741
533,720,512,559,554,582,543,551,558,657,581,637,606,625,615,643,688,644,679,722,688,713,745,750,781
644,565,500,551,575,550,557,592,554,561,591,632,620,632,629,717,633,652,662,720,673,722,747,702,770
642,629,554,579,564,598,561,635,630,561,581,605,610,629,636,647,637,711,665,672,686,737,729,704,720
727,631,565,631,613,530,611,562,554,576,574,692,648,693,627,627,653,742,658,720,676,688,692,756,714
550,609,549,506,522,547,551,674,633,628,609,694,594,604,641,720,639,663,748,688,722,718,695,716,763
757,534,511,570,511,636,597,597,556,578,572,644,630,624,662,663,638,653,653,717,690,699,751,758,793
622,596,561,530,526,667,532,612,568,626,676,634,655,607,671,690,659,645,653,664,725,694,757,754,712
919,660,492,585,603,523,571,602,558,666,622,650,596,603,649,621,659,698,769,662,736,688,702,760,733
603,525,542,606,578,522,696,550,658,657,633,588,593,623,620,674,701,699,672,720,675,741,692,782,714
632,632,572,518,571,590,548,671,573,566,667,583,603,667,629,672,687,642,702,676,681,737,692,755,762
471,660,667,597,554,570,591,597,563,657,578,636,647,631,617,628,685,671,733,675,709,682,751,725,716
667,499,654,659,513,522,563,562,564,574,615,640,672,624,669,706,652,651,659,726,746,708,698,725,720
556,538,541,582,525,564,582,551,625,620,573,581,666,675,674,629,688,679,712,669,732,742,741,711,769
675,581,493,528,584,619,561,541,626,630,623,647,591,622,615,682,644,707,683,664,723,731,710,758,771
730,707,575,508,524,529,539,571,605,635,593,584,646,621,680,680,686,645,656,686,672,754,704,758,715
708,519,582,551,543,579,672,639,554,566,638,661,732,632,632,695,636,657,653,713,701,705,696,716,716
795,543,494,527,571,579,538,609,586,562,575,581,672,605,680,627,700,648,669,663,725,682,708,763,771
599,578,543,514,590,543,572,628,614,675,645,602,591,611,620,691,696,646,674,677,725,687,699,717,765
870,779,602,566,575,555,536,576,559,582,646,589,642,668,614,631,652,671,711,677,736,682,801,723,765
488,579,686,524,578,674,654,613,607,660,649,614,636,657,672,712,682,652,663,663,685,697,755,706,764
550,619,561,607,515,545,540,609,689,575,615,604,647,603,681,675,638,709,663,725,735,695,703,724,762
868,591,505,540,556,534,532,569,594,627,575,587,611,609,617,624,712,705,660,682,723,708,707,714,764
701,502,506,501,533,527,539,549,575,617,584,634,662,616,616,646,634,699,683,756,726,755,699,710,735
525,605,548,529,627,572,558,542,624,617,629,632,615,613,666,702,697,692,654,726,673,682,714,767,778
777,524,552,656,518,544,591,608,614,576,585,640,611,607,669,678,706,687,703,739,736,700,703,765,770
582,521,545,692,536,613,535,604,609,565,640,584,601,685,623,635,701,651,653,665,678,697,751,708,714
572,508,501,531,543,585,690,552,601,580,586,696,602,687,625,689,650,693,661,668,722,688,693,709,717
802,517,490,566,540,594,548,601,653,636,664,612,608,606,629,628,687,722,657,722,731,700,742,760,722
480,714,527,572,641,552,554,548,615,638,608,609,608,626,612,623,696,644,710,665,698,699,693,717,783
883,500,520,585,548,542,542,547,583,638,571,612,612,656,612,622,683,710,703,667,679,695,700,706,770
763,500,530,530,553,528,593,566,553,626,579,590,664,700,620,642,684,694,658,664,723,735,703,764,718
510,546,769,579,627,541,594,556,626,656,657,696,645,657,674,636,707,656,745,671,730,692,769,755,772
600,615,500,621,592,596,565,553,576,561,586,627,599,681,619,716,686,645,665,667,682,683,707,718,806
734,566,623,620,629,612,610,543,611,595,611,645,611,675,615,718,687,644,703,665,739,737,696,716,767
470,747,624,510,510,560,556,549,625,624,596,666,611,627,683,675,639,712,669,675,725,694,703,752,728
508,680,614,739,554,684,555,660,574,563,632,617,599,711,695,627,689,650,657,728,679,695,695,704,723
557,684,536,574,511,522,649,575,596,565,580,582,672,611,618,626,653,663,660,684,677,688,749,752,720
533,730,516,554,521,561,594,602,581,613,579,653,612,671,621,672,635,696,710,724,675,733,701,710,714
718,654,686,548,636,579,570,562,557,624,601,655,610,602,666,630,652,727,710,676,681,743,709,706,717
793,539,598,556,571,554,561,551,589,643,589,639,642,662,639,636,684,702,710,675,672,736,770,770,771
787,530,532,557,569,520,593,544,551,615,577,617,613,641,669,635,682,716,715,720,684,690,758,780,716
565,494,575,517,539,545,647,578,578,618,671,607,632,654,628,639,707,694,665,718,693,747,697,755,762
483,615,683,697,561,591,603,590,586,599,584,583,609,657,641,685,697,644,653,675,732,739,692,705,713
740,696,571,683,517,549,533,605,560,561,642,601,604,617,677,657,669,644,658,714,682,692,702,714,715
544,518,570,742,586,622,584,599,676,581,645,589,591,660,678,628,659,648,660,668,675,738,745,752,715
518,715,628,563,526,527,562,614,614,622,589,598,592,606,674,650,643,664,715,668,677,732,700,704,716
606,485,643,547,562,633,639,560,612,566,618,660,611,626,679,625,649,692,657,716,722,705,694,755,716
521,532,601,597,540,602,625,612,563,662,657,651,645,605,668,637,712,646,652,715,680,699,704,707,713
558,700,514,554,579,751,550,549,561,576,573,592,593,709,707,649,695,652,713,688,727,683,747,753,770
624,581,499,644,573,628,574,589,654,617,690,584,605,653,614,680,683,716,658,666,680,694,697,764,714
636,640,611,515,515,540,532,603,671,632,584,598,601,619,624,674,677,697,677,730,731,690,710,711,778
667,531,491,709,521,555,552,543,607,699,688,599,647,663,663,678,651,642,656,665,725,703,782,723,715
851,652,522,645,615,603,553,566,675,690,576,584,650,662,647,657,693,712,657,730,736,690,698,762,740
531,596,507,518,521,583,536,602,603,589,635,599,592,607,612,707,684,659,660,664,675,682,696,762,725
570,555,610,651,517,535,568,555,622,595,596,674,644,614,663,687,684,669,661,681,678,686,744,761,712
642,533,623,532,521,522,619,544,598,572,623,581,661,664,675,630,683,645,653,663,723,753,747,754,713
634,485,645,501,576,676,587,608,551,572,646,635,643,657,695,623,688,692,656,750,691,741,693,709,764
495,592,526,660,589,535,533,545,561,642,572,607,618,626,622,697,698,648,675,733,730,738,699,749,718
472,593,667,595,676,587,552,543,616,569,593,610,605,624,673,673,693,694,710,688,673,734,693,718,728
596,521,637,518,619,546,541,599,552,635,654,629,650,658,626,639,682,659,659,681,688,756,724,718,724
497,752,513,567,612,543,552,598,592,597,593,657,635,627,627,677,673,705,701,713,684,735,704,742,775
737,598,620,555,601,584,572,590,613,571,636,612,595,621,642,625,633,655,664,794,672,759,706,709,713
504,588,504,557,527,534,583,554,570,572,577,637,600,602,680,648,687,661,651,662,737,752,743,762,715
644,493,593,535,562,583,613,546,623,576,629,612,655,662,693,675,675,701,674,722,751,694,696,735,774
685,783,607,699,609,546,629,574,689,626,574,581,596,617,662,642,684,697,664,690,739,683,702,768,795
481,676,703,624,610,548,671,621,562,623,625,638,653,610,673,637,635,645,706,731,678,733,717,708,721
822,587,541,547,571,539,547,587,561,586,615,606,596,651,615,674,702,650,660,721,698,729,744,771,716
632,643,594,518,580,526,666,553,582,565,638,631,600,604,633,636,644,645,652,722,675,685,762,713,724
585,572,549,594,539,534,591,580,578,561,637,592,655,674,612,694,696,695,660,685,732,751,705,707,712
842,692,533,556,528,616,547,632,582,578,622,687,682,602,618,676,642,646,705,722,694,692,762,717,762
585,503,514,530,522,531,555,547,622,561,576,599,652,673,665,624,641,642,652,674,726,693,769,704,714
943,544,620,505,546,526,653,553,576,587,630,673,659,613,620,664,689,701,654,711,677,693,692,736,767
650,493,663,519,606,578,551,543,570,611,598,590,605,626,615,628,658,648,652,665,679,685,702,762,764
580,560,495,586,550,614,572,560,558,574,594,585,594,643,679,700,719,746,653,682,677,687,698,760,731
702,621,518,571,630,585,550,543,560,591,580,676,638,611,612,674,638,644,654,717,735,688,761,713,775
615,572,515,588,582,542,594,616,672,614,585,591,687,606,656,644,648,696,659,666,676,697,714,707,718
588,611,720,635,562,523,653,568,584,595,608,607,613,602,636,642,637,644,739,668,677,739,694,775,765
630,645,570,554,549,642,629,648,556,574,610,617,597,604,629,679,720,646,657,670,696,740,756,787,780
617,487,518,558,566,587,549,574,642,568,699,641,592,666,713,648,651,684,657,677,697,734,709,754,788
471,548,644,528,580,560,541,602,551,645,577,631,594,602,613,695,657,652,660,685,742,687,745,703,729
627,774,523,553,630,567,535,560,608,626,582,664,609,602,681,661,694,699,683,736,686,708,756,791,777
535,613,548,637,545,529,531,544,617,573,640,585,599,619,627,622,688,655,665,666,672,695,784,751,763
568,509,493,585,610,553,590,542,620,591,615,585,658,602,665,642,636,653,667,720,738,684,723,755,790
516,546,623,512,660,540,622,544,557,602,575,594,593,621,635,652,654,701,687,686,691,697,697,713,774
521,550,532,509,604,526,577,601,613,615,630,584,626,606,611,640,635,719,655,731,737,732,747,708,733
742,615,505,511,559,630,538,550,562,567,582,582,653,653,640,626,711,667,711,673,674,702,714,703,715
558,541,532,505,546,592,610,655,607,578,666,590,598,602,615,634,703,654,724,680,729,683,744,763,734
474,532,582,563,527,567,543,590,601,567,624,586,607,608,618,623,687,696,656,668,674,689,695,706,767
846,530,589,579,556,651,599,635,602,577,644,587,614,637,684,636,691,647,672,666,753,696,699,760,785
634,603,570,649,518,541,643,574,630,577,574,632,652,612,613,729,688,643,664,669,726,695,699,706,712
506,538,498,555,584,530,581,616,620,625,630,619,625,603,628,718,648,654,653,686,681,735,702,769,771
640,820,517,565,701,562,534,597,569,575,651,605,593,672,639,649,662,654,681,675,709,682,695,706,721
806,647,538,630,547,615,533,596,658,622,573,596,670,603,621,634,643,688,662,730,722,709,702,731,720
497,555,498,618,547,592,672,599,551,684,652,597,673,619,627,700,634,697,652,671,731,745,758,754,773
869,554,574,560,594,587,628,610,562,619,642,583,606,628,682,656,694,652,720,728,678,688,747,712,715
904,598,707,524,574,754,566,554,573,624,635,669,622,665,655,632,641,693,687,664,692,701,700,763,713
924,483,569,589,674,573,655,649,606,596,623,648,660,610,628,642,693,692,717,671,672,734,724,762,714
624,599,541,715,576,595,656,653,620,612,581,582,655,675,631,677,692,655,715,662,686,712,698,720,767
830,492,568,508,545,541,545,574,652,612,661,638,596,656,680,624,638,737,652,664,680,741,696,709,744
843,629,561,533,596,540,548,542,551,597,598,633,593,607,614,631,635,648,707,749,734,685,703,770,727
544,702,528,528,591,546,567,610,607,644,576,586,618,630,615,680,641,646,680,743,741,707,751,715,763
600,529,641,764,570,576,588,595,599,611,652,642,661,614,618,638,645,652,703,715,734,689,746,710,712
779,746,539,501,605,577,644,544,611,615,571,643,656,607,639,649,702,662,708,682,749,684,743,753,742
735,526,596,681,595,551,622,580,681,618,581,655,591,683,653,645,709,694,679,664,678,682,697,715,717
717,631,544,637,516,588,616,550,556,666,614,633,677,612,618,622,638,690,655,711,748,742,695,718,772
475,579,635,607,596,541,545,569,579,607,636,591,643,655,616,691,634,643,706,727,725,712,742,755,775
749,524,525,548,543,667,584,574,630,643,632,659,675,695,634,672,644,663,656,663,674,697,749,752,774
524,740,521,536,535,599,593,624,582,578,592,590,600,613,674,624,696,656,715,664,680,684,758,711,763
540,643,599,617,580,528,573,602,630,581,623,608,653,659,631,681,632,696,711,735,690,682,702,741,787
474,576,618,530,610,660,613,596,573,612,680,582,613,665,666,635,654,663,703,666,674,703,695,704,766
783,553,492,526,542,582,616,551,584,581,595,608,732,618,661,630,682,642,694,679,708,757,729,702,769
549,571,591,510,517,524,546,597,606,586,571,582,598,610,612,656,688,644,656,682,672,737,775,767,716
937,493,503,568,634,603,536,586,556,592,584,588,622,673,636,680,707,699,661,665,732,682,747,718,715
743,572,654,503,536,545,583,541,565,575,586,588,605,632,626,630,636,702,673,726,750,736,744,764,713
765,552,530,504,598,572,581,603,562,617,630,582,672,611,631,636,702,663,653,674,675,688,747,761,722
688,541,586,563,564,555,550,563,620,568,582,602,651,604,612,685,646,724,726,727,689,733,748,716,727
584,482,704,583,555,576,601,605,560,587,638,636,623,695,634,633,721,647,706,715,742,711,710,704,726
785,638,551,617,529,597,539,613,641,613,652,636,665,670,654,691,650,643,716,673,725,756,694,723,727
579,657,502,609,561,616,571,565,642,588,574,660,602,623,678,673,716,692,654,721,739,695,747,755,717
685,532,555,589,569,544,543,563,567,579,571,651,650,641,614,675,642,655,686,667,722,744,693,754,718
548,597,573,505,564,582,582,638,570,561,586,591,630,693,612,636,637,743,660,739,784,709,742,774,720
562,562,697,546,549,600,598,597,565,610,622,606,594,632,622,645,677,668,670,719,745,703,710,753,717
638,650,526,509,584,592,610,611,631,571,608,639,663,665,616,623,653,649,710,740,729,736,703,710,713
640,691,725,563,523,597,530,610,566,586,616,591,607,678,626,622,698,696,714,687,689,682,742,711,778
564,584,508,560,669,537,603,665,605,569,572,632,601,645,641,684,661,654,711,664,676,699,698,757,716
685,546,607,539,566,638,627,605,616,569,585,598,646,650,653,624,683,700,664,670,690,687,754,712,739
784,604,618,619,514,573,639,618,639,569,586,635,608,673,669,631,685,647,658,666,679,690,746,706,732
594,509,574,563,586,545,548,620,616,651,635,584,597,659,620,662,646,660,719,682,680,737,705,706,779
573,497,648,526,639,605,648,543,622,614,592,603,595,668,619,649,657,693,652,716,745,693,765,708,721
591,726,510,524,632,714,544,643,568,564,624,585,594,634,614,677,758,694,659,735,677,685,756,772,720
804,490,547,514,540,547,552,545,609,592,595,582,603,606,674,677,649,737,659,667,674,744,697,723,783
762,613,603,500,636,631,594,581,648,583,583,633,599,652,624,697,633,659,659,708,734,749,693,705,764
726,730,596,523,514,550,600,571,552,618,593,582,653,670,664,641,706,645,653,669,723,692,708,771,730
616,583,604,514,581,540,569,546,554,650,603,595,610,618,613,684,652,662,670,747,694,711,750,702,770
882,670,592,533,523,523,549,546,554,610,590,613,674,609,617,723,636,648,661,667,734,711,743,764,770
542,591,553,570,563,565,557,553,574,592,578,589,609,678,629,635,637,652,660,679,722,691,714,756,768
663,564,557,530,602,527,543,576,551,583,610,584,593,695,675,622,632,660,666,717,688,693,708,755,713
532,577,526,567,582,524,565,570,602,570,624,608,653,664,702,688,635,667,657,718,733,759,699,760,730
855,690,558,513,578,549,653,609,629,676,573,648,596,674,640,636,661,696,739,729,678,736,744,760,726
473,494,661,682,515,572,575,547,632,655,578,597,649,629,613,640,635,661,683,667,675,732,746,705,717
603,612,521,538,578,581,548,548,563,584,642,631,650,606,629,698,689,694,725,715,696,732,756,730,717
732,534,579,559,522,569,590,652,649,561,641,686,604,620,658,622,653,646,708,712,681,682,748,768,783
504,641,519,537,532,529,569,596,616,658,623,591,598,614,615,688,734,651,689,737,729,737,704,704,765
569,681,526,545,511,619,598,559,612,621,644,694,592,624,636,632,653,697,683,665,726,704,701,718,766
580,876,702,624,513,561,592,617,587,621,686,639,596,604,677,622,680,648,693,664,736,682,743,709,807
728,750,497,536,512,703,533,570,621,567,589,585,598,662,719,634,632,646,747,678,735,684,744,770,727
